{
  "project_info": {
    "project_number": "1045824066337",
    "project_id": "fa-gtshikun-hyrule-app",
    "storage_bucket": "fa-gtshikun-hyrule-app.firebasestorage.app"
  },
  "client": [
    {
      "client_info": {
        "mobilesdk_app_id": "1:1045824066337:android:ddc27110a442fd50f82460",
        "android_client_info": {
          "package_name": "com.example.hyrule"
        }
      },
      "oauth_client": [],
      "api_key": [
        {
          "current_key": "AIzaSyCTBHmT_aP4FHe67Jv8FWX2_otNqotvEAI"
        }
      ],
      "services": {
        "appinvite_service": {
          "other_platform_oauth_client": []
        }
      }
    },
    {
      "client_info": {
        "mobilesdk_app_id": "1:1045824066337:android:c437750102734a04f82460",
        "android_client_info": {
          "package_name": "com.example.listr"
        }
      },
      "oauth_client": [],
      "api_key": [
        {
          "current_key": "AIzaSyCTBHmT_aP4FHe67Jv8FWX2_otNqotvEAI"
        }
      ],
      "services": {
        "appinvite_service": {
          "other_platform_oauth_client": []
        }
      }
    }
  ],
  "configuration_version": "1"
}